{"n": 10000, "features": {"tenure_days": {"edges": [50.0, 130.0, 190.0, 264.0, 355.0, 463.5, 591.0, 748.0, 963.2000000000007, 1272.0, 2035.0], "expected": [0.0995, 0.1, 0.0992, 0.1008, 0.1005, 0.0997, 0.0998, 0.1005, 0.0997, 0.1003]}, "live_bets_count": {"edges": [0.0, 20.0, 28.0, 36.0, 44.0, 54.0, 65.0, 78.0, 95.0, 123.0, 293.0], "expected": [0.0963, 0.0971, 0.099, 0.0997, 0.1008, 0.105, 0.0993, 0.0994, 0.1027, 0.1007]}, "avg_bet_amount": {"edges": [0.0, 4.069000000000001, 5.36, 6.48, 7.68, 8.92, 10.47, 12.31, 14.99, 19.83, 101.97], "expected": [0.1, 0.0991, 0.1006, 0.1001, 0.1, 0.1, 0.0998, 0.1001, 0.1001, 0.1002]}, "total_turnover": {"edges": [0.0, 135.80100000000002, 212.69800000000004, 287.274, 368.528, 462.505, 590.016, 755.0550000000001, 1004.9520000000011, 1468.497, 11056.25], "expected": [0.1, 0.1, 0.1, 0.1, 0.1, 0.1, 0.1, 0.1, 0.1, 0.1]}, "total_payout": {"edges": [0.0, 56.789, 96.14800000000002, 140.80100000000002, 190.27200000000002, 250.525, 328.4840000000001, 438.29800000000006, 607.3140000000005, 968.993, 8940.27], "expected": [0.1, 0.1, 0.1, 0.1, 0.1, 0.1, 0.1, 0.1, 0.1, 0.1]}, "ggr": {"edges": [-1888.39, -3.897999999999993, 34.326, 69.76, 108.26800000000001, 156.655, 216.14000000000001, 290.069, 418.37000000000023, 674.089, 7221.17], "expected": [0.1, 0.1, 0.0999, 0.1001, 0.1, 0.1, 0.1, 0.1, 0.1, 0.1]}, "ggr_margin": {"edges": [-0.5737, -0.0114, 0.12576000000000004, 0.2367, 0.3279, 0.4117, 0.4966600000000002, 0.5775300000000001, 0.66462, 0.76112, 0.9], "expected": [0.0999, 0.1001, 0.0999, 0.1, 0.1, 0.1001, 0.1, 0.1, 0.1, 0.1]}, "deposit_count": {"edges": [0.0, 1.0, 2.0, 3.0, 4.0, 5.0, 6.0, 12.0], "expected": [0.0991, 0.1401, 0.1997, 0.1972, 0.1606, 0.1016, 0.1017]}, "total_deposit_amount": {"edges": [0.0, 38.248000000000175, 152.324, 225.91900000000007, 299.5520000000001, 390.85, 498.90600000000006, 644.179, 877.2660000000002, 1314.1650000000002, 10654.99], "expected": [0.1, 0.1, 0.1, 0.1, 0.1, 0.1, 0.1, 0.1, 0.1, 0.1]}, "deposit_to_turnover_ratio": {"edges": [0.0, 0.5103, 0.6505799999999999, 0.74877, 0.8435, 0.93745, 1.02684, 1.1236300000000001, 1.2140600000000001, 1.3063, 36.5359], "expected": [0.0999, 0.1001, 0.1, 0.0999, 0.1001, 0.1, 0.1, 0.1, 0.0999, 0.1001]}, "days_active_in_observation": {"edges": [0.0, 8.0, 11.0, 13.0, 15.0, 17.0, 20.0, 23.0, 26.0, 31.0, 60.0], "expected": [0.0792, 0.1094, 0.0926, 0.0887, 0.088, 0.1292, 0.1086, 0.0915, 0.1115, 0.1013]}, "days_since_last_bet": {"edges": [0.0, 1.0, 2.0, 3.0, 4.0, 5.0, 8.0, 12.0, 90.0], "expected": [0.2062, 0.1591, 0.1145, 0.0924, 0.0719, 0.1445, 0.0995, 0.1119]}, "no_deposit_flag": {"edges": [0.0, 1.0], "expected": null}, "bets_per_active_day": {"edges": [0.0, 2.0, 2.3529411764705883, 2.5789473684210527, 2.7777777777777777, 2.962962962962963, 3.1724137931034484, 3.388888888888889, 3.642857142857143, 4.002173913043486, 5.8125], "expected": [0.0777, 0.1216, 0.0999, 0.1002, 0.1005, 0.1, 0.0995, 0.1003, 0.1003, 0.1]}, "active_span_days": {"edges": [0.0, 67.0, 74.0, 78.0, 80.0, 82.0, 84.0, 85.0, 87.0, 88.0, 89.0], "expected": [0.0958, 0.0928, 0.1063, 0.0768, 0.0909, 0.1151, 0.0658, 0.1553, 0.0795, 0.1217]}, "days_to_first_bet": {"edges": [0.0, 1.0, 2.0, 3.0, 4.0, 5.0, 8.0, 12.0, 90.0], "expected": [0.2076, 0.1513, 0.1172, 0.0933, 0.0756, 0.1409, 0.1015, 0.1126]}, "activity_consistency": {"edges": [0.0, 0.11494252873563218, 0.14285714285714285, 0.16666666666666666, 0.1917808219178082, 0.21428571428571427, 0.24096385542168675, 0.27058823529411763, 0.3068181818181818, 0.35714285714285715, 1.0], "expected": [0.0989, 0.0962, 0.0971, 0.1068, 0.0988, 0.1003, 0.1012, 0.0995, 0.1001, 0.1011]}, "lifetime_bet_rate": {"edges": [0.0, 0.029088748132432424, 0.045651457472123395, 0.06529209621993128, 0.08820210735916373, 0.11538461538461539, 0.15605088371045822, 0.2093722369584439, 0.302780864290219, 0.4951968864468865, 3.098901098901099], "expected": [0.1, 0.1, 0.0999, 0.1001, 0.0999, 0.1001, 0.1, 0.1, 0.1, 0.1]}, "turnover_per_active_day": {"edges": [0.0, 10.885613445378151, 14.879, 18.420790476190476, 21.97157142857143, 25.945641025641024, 30.832937142857144, 36.73454385964913, 45.24846153846154, 61.090643962848304, 368.66076923076923], "expected": [0.1, 0.1, 0.1, 0.1, 0.1, 0.1, 0.1, 0.1, 0.1, 0.1]}, "avg_deposit_amount": {"edges": [0.0, 8.547050000000006, 36.98706666666667, 56.391600000000004, 75.92746666666669, 99.25517857142857, 125.05400000000004, 164.01700000000017, 225.6382142857143, 337.11440000000005, 4477.57], "expected": [0.1, 0.1, 0.1, 0.1, 0.1, 0.1, 0.1, 0.1, 0.1, 0.1]}, "deposit_per_bet": {"edges": [0.0, 1.2433126048406464, 3.9320805555555562, 5.170926428975666, 6.377557692307693, 7.656157894736842, 9.148214285714287, 10.952972640218881, 13.474301282051282, 18.02195, 99.195], "expected": [0.1, 0.1, 0.1, 0.1, 0.1, 0.1, 0.1, 0.1, 0.1, 0.1]}}}